Model,MAE,MSE,RMSE,R2,MAPE (%)
Gradient Boosting,0.07332045187506521,0.008909748752828751,0.09439146546605127,0.7245541585704092,13.621552960302521
CatBoost,0.0658126419017523,0.006912387216020639,0.0831407674731274,0.7863028054074526,12.158535693378399
LightGBM,0.06680093300533421,0.0069726489275930845,0.08350238875381401,0.7844398081097129,12.542181172625725
DNN,0.10069797933101654,0.01673753559589386,0.1293736278995602,0.4825572371482849,18.342885375022888
