Model,MAE,MSE,R2
Gradient Boosting,4581.671476479276,36761301.62055654,0.8308493613374566
CatBoost,4210.5311452380165,29913311.20786091,0.8623591801088003
LightGBM,4227.30381362737,32549372.429143324,0.8502298098341594
