Model,MAE,MSE,R2
Gradient Boosting,4581.671476479276,36761301.62055654,0.8308493613374566
CatBoost,4593.80757928202,38236714.18006887,0.8240605109504863
LightGBM,4848.122243495903,43809815.86040397,0.7984168675808828
